transaction_id,subscription_id,amount,transaction_date,type
1,1,200,2025-04-04,payment
2,1,200,2025-06-03,payment
3,1,200,2025-07-03,payment
4,1,200,2025-08-02,payment
5,1,200,2025-09-01,payment
6,1,200,2025-10-01,payment
7,1,200,2025-10-31,payment
8,1,200,2025-11-30,payment
9,1,200,2026-01-29,payment
10,1,200,2026-02-28,payment
11,2,50,2025-05-25,payment
12,2,50,2025-07-24,payment
13,2,50,2025-08-23,payment
14,2,50,2025-09-22,payment
15,2,50,2025-10-22,payment
16,2,50,2025-11-21,payment
17,2,50,2025-12-21,payment
18,2,50,2026-01-20,payment
19,2,50,2026-02-19,payment
20,3,50,2025-05-25,payment
21,3,50,2025-06-24,payment
22,3,50,2025-07-24,payment
23,3,50,2025-08-23,payment
24,3,50,2025-09-22,payment
25,3,50,2025-10-22,payment
26,3,50,2025-11-21,payment
27,3,50,2025-12-21,payment
28,3,50,2026-01-20,payment
29,3,50,2026-02-19,payment
30,4,200,2024-10-06,payment
31,4,200,2024-11-05,payment
32,4,200,2024-12-05,payment
33,4,200,2025-01-04,payment
34,4,200,2025-02-03,payment
35,4,200,2025-03-05,payment
36,4,200,2025-04-04,payment
37,4,200,2025-05-04,payment
38,4,200,2025-06-03,payment
39,4,200,2025-07-03,payment
40,4,200,2025-08-02,payment
41,4,200,2025-09-01,payment
42,4,200,2025-10-01,payment
43,4,200,2025-10-31,payment
44,4,200,2025-11-30,payment
45,4,200,2026-01-29,payment
46,5,100,2025-03-13,payment
47,5,100,2025-04-12,payment
48,5,100,2025-05-12,payment
49,5,100,2025-06-11,payment
50,5,100,2025-07-11,payment
51,5,100,2025-08-10,payment
52,5,100,2025-09-09,payment
53,5,100,2025-10-09,payment
54,5,100,2025-11-08,payment
55,5,100,2025-12-08,payment
56,5,100,2026-01-07,payment
57,5,100,2026-02-06,payment
58,5,100,2026-03-08,payment
59,6,50,2025-05-07,payment
60,6,50,2025-06-06,payment
61,6,50,2025-07-06,payment
62,6,50,2025-08-05,payment
63,6,50,2025-09-04,payment
64,6,50,2025-10-04,payment
65,6,50,2025-11-03,payment
66,6,50,2025-12-03,payment
67,6,50,2026-01-02,payment
68,6,50,2026-02-01,payment
69,6,50,2026-03-03,payment
70,7,100,2025-08-23,payment
71,7,100,2025-09-22,payment
72,7,100,2025-10-22,payment
73,7,100,2025-11-21,payment
74,7,100,2025-12-21,payment
75,7,100,2026-01-20,payment
76,7,100,2026-02-19,payment
77,7,100,2026-03-21,payment
78,7,100,2026-04-20,payment
79,7,100,2026-05-20,payment
80,7,100,2026-06-19,payment
81,8,200,2024-12-13,payment
82,8,200,2025-01-12,payment
83,8,200,2025-02-11,payment
84,8,200,2025-03-13,payment
85,8,200,2025-04-12,payment
86,8,200,2025-05-12,payment
87,9,200,2025-03-30,payment
88,9,200,2025-04-29,payment
89,9,200,2025-05-29,payment
90,9,200,2025-06-28,payment
91,9,200,2025-07-28,payment
92,9,200,2025-08-27,payment
93,9,200,2025-09-26,payment
94,9,200,2025-10-26,payment
95,10,100,2024-10-25,payment
96,10,100,2024-11-24,payment
97,10,100,2024-12-24,payment
98,10,100,2025-01-23,payment
99,10,100,2025-03-24,payment
100,10,100,2025-04-23,payment
101,10,100,2025-05-23,payment
102,10,100,2025-07-22,payment
103,10,100,2025-08-21,payment
104,10,100,2025-09-20,payment
105,10,100,2025-10-20,payment
106,10,100,2025-11-19,payment
107,10,100,2025-12-19,payment
108,10,100,2026-01-18,payment
109,10,100,2026-02-17,payment
110,11,100,2025-06-20,payment
111,11,100,2025-07-20,payment
112,11,100,2025-08-19,payment
113,11,100,2025-09-18,payment
114,11,100,2025-10-18,payment
115,11,100,2025-11-17,payment
116,11,100,2025-12-17,payment
117,11,100,2026-01-16,payment
118,11,100,2026-02-15,payment
119,11,100,2026-03-17,payment
120,12,50,2025-05-02,payment
121,12,50,2025-06-01,payment
122,12,50,2025-07-01,payment
123,12,50,2025-07-31,payment
124,13,100,2025-04-09,payment
125,13,100,2025-05-09,payment
126,13,100,2025-06-08,payment
127,13,100,2025-07-08,payment
128,13,100,2025-08-07,payment
129,13,100,2025-09-06,payment
130,13,100,2025-10-06,payment
131,13,100,2025-11-05,payment
132,13,100,2025-12-05,payment
133,13,100,2026-01-04,payment
134,13,100,2026-02-03,payment
135,14,200,2025-05-25,payment
136,14,200,2025-06-24,payment
137,14,200,2025-07-24,payment
138,14,200,2025-08-23,payment
139,14,200,2025-09-22,payment
140,14,200,2025-10-22,payment
141,14,200,2025-11-21,payment
142,14,200,2025-12-21,payment
143,15,100,2025-06-28,payment
144,15,100,2025-07-28,payment
145,15,100,2025-08-27,payment
146,15,100,2025-09-26,payment
147,16,50,2024-11-27,payment
148,16,50,2024-12-27,payment
149,16,50,2025-01-26,payment
150,16,50,2025-02-25,payment
151,16,50,2025-03-27,payment
152,16,50,2025-04-26,payment
153,16,50,2025-06-25,payment
154,16,50,2025-07-25,payment
155,16,50,2025-08-24,payment
156,16,50,2025-09-23,payment
157,16,50,2025-10-23,payment
158,16,50,2025-11-22,payment
159,16,50,2025-12-22,payment
160,16,50,2026-01-21,payment
161,16,50,2026-02-20,payment
162,17,100,2025-03-16,payment
163,17,100,2025-04-15,payment
164,17,100,2025-05-15,payment
165,17,100,2025-06-14,payment
166,18,200,2024-12-11,payment
167,18,200,2025-01-10,payment
168,18,200,2025-02-09,payment
169,18,200,2025-03-11,payment
170,18,200,2025-04-10,payment
171,18,200,2025-05-10,payment
172,18,200,2025-06-09,payment
173,18,200,2025-07-09,payment
174,18,200,2025-08-08,payment
175,18,200,2025-09-07,payment
176,18,200,2025-10-07,payment
177,19,200,2025-02-28,payment
178,19,200,2025-03-30,payment
179,19,200,2025-04-29,payment
180,19,200,2025-05-29,payment
181,19,200,2025-06-28,payment
182,19,200,2025-07-28,payment
183,19,200,2025-09-26,payment
184,19,200,2025-10-26,payment
185,19,200,2025-11-25,payment
186,19,200,2025-12-25,payment
187,19,200,2026-01-24,payment
188,19,200,2026-02-23,payment
189,20,200,2025-03-13,payment
190,20,200,2025-04-12,payment
191,20,200,2025-05-12,payment
192,20,200,2025-06-11,payment
193,20,200,2025-07-11,payment
194,20,200,2025-08-10,payment
195,20,200,2025-09-09,payment
196,21,200,2025-01-28,payment
197,21,200,2025-02-27,payment
198,21,200,2025-03-29,payment
199,21,200,2025-04-28,payment
200,21,200,2025-05-28,payment
201,21,200,2025-06-27,payment
202,21,200,2025-07-27,payment
203,21,200,2025-08-26,payment
204,21,200,2025-09-25,payment
205,21,200,2025-10-25,payment
206,21,200,2025-11-24,payment
207,21,200,2025-12-24,payment
208,21,200,2026-01-23,payment
209,21,200,2026-02-22,payment
210,22,50,2024-11-01,payment
211,22,50,2024-12-01,payment
212,22,50,2024-12-31,payment
213,22,50,2025-01-30,payment
214,22,50,2025-03-01,payment
215,22,50,2025-03-31,payment
216,22,50,2025-04-30,payment
217,22,50,2025-05-30,payment
218,22,50,2025-06-29,payment
219,22,50,2025-07-29,payment
220,22,50,2025-08-28,payment
221,22,50,2025-09-27,payment
222,22,50,2025-10-27,payment
223,22,50,2025-11-26,payment
224,22,50,2025-12-26,payment
225,22,50,2026-01-25,payment
226,22,50,2026-02-24,payment
227,23,50,2025-08-16,payment
228,23,50,2025-09-15,payment
229,23,50,2025-10-15,payment
230,23,50,2025-11-14,payment
231,23,50,2025-12-14,payment
232,23,50,2026-02-12,payment
233,23,50,2026-03-14,payment
234,24,50,2025-07-10,payment
235,24,50,2025-08-09,payment
236,24,50,2025-09-08,payment
237,24,50,2025-10-08,payment
238,24,50,2025-11-07,payment
239,24,50,2025-12-07,payment
240,24,50,2026-01-06,payment
241,24,50,2026-02-05,payment
242,24,50,2026-03-07,payment
243,25,200,2025-06-21,payment
244,25,200,2025-07-21,payment
245,25,200,2025-08-20,payment
246,25,200,2025-09-19,payment
247,25,200,2025-10-19,payment
248,25,200,2025-11-18,payment
249,25,200,2025-12-18,payment
250,25,200,2026-01-17,payment
251,26,100,2025-08-03,payment
252,26,100,2025-09-02,payment
253,26,100,2025-10-02,payment
254,26,100,2025-11-01,payment
255,26,100,2025-12-01,payment
256,26,100,2025-12-31,payment
257,26,100,2026-01-30,payment
258,26,100,2026-03-01,payment
259,27,100,2025-05-04,payment
260,27,100,2025-06-03,payment
261,27,100,2025-07-03,payment
262,27,100,2025-09-01,payment
263,27,100,2025-10-01,payment
264,27,100,2025-10-31,payment
265,27,100,2025-11-30,payment
266,27,100,2025-12-30,payment
267,27,100,2026-01-29,payment
268,27,100,2026-02-28,payment
269,28,200,2024-11-21,payment
270,28,200,2024-12-21,payment
271,28,200,2025-01-20,payment
272,28,200,2025-02-19,payment
273,28,200,2025-03-21,payment
274,28,200,2025-04-20,payment
275,28,200,2025-05-20,payment
276,28,200,2025-06-19,payment
277,28,200,2025-08-18,payment
278,29,100,2025-06-06,payment
279,29,100,2025-07-06,payment
280,29,100,2025-08-05,payment
281,29,100,2025-09-04,payment
282,30,50,2025-06-29,payment
283,30,50,2025-07-29,payment
284,30,50,2025-09-27,payment
285,30,50,2025-10-27,payment
286,30,50,2025-11-26,payment
287,30,50,2025-12-26,payment
288,30,50,2026-01-25,payment
289,30,50,2026-02-24,payment
290,31,200,2025-01-02,payment
291,31,200,2025-02-01,payment
292,31,200,2025-03-03,payment
293,31,200,2025-04-02,payment
294,31,200,2025-05-02,payment
295,31,200,2025-06-01,payment
296,31,200,2025-07-01,payment
297,31,200,2025-07-31,payment
298,31,200,2025-08-30,payment
299,31,200,2025-09-29,payment
300,31,200,2025-10-29,payment
301,31,200,2025-11-28,payment
302,31,200,2025-12-28,payment
303,31,200,2026-01-27,payment
304,31,200,2026-02-26,payment
305,32,50,2025-03-02,payment
306,32,50,2025-04-01,payment
307,32,50,2025-05-01,payment
308,32,50,2025-05-31,payment
309,33,100,2025-07-17,payment
310,33,100,2025-08-16,payment
311,33,100,2025-09-15,payment
312,33,100,2025-10-15,payment
313,33,100,2025-11-14,payment
314,33,100,2025-12-14,payment
315,33,100,2026-01-13,payment
316,33,100,2026-02-12,payment
317,33,100,2026-03-14,payment
318,34,100,2025-06-05,payment
319,34,100,2025-07-05,payment
320,34,100,2025-08-04,payment
321,34,100,2025-09-03,payment
322,34,100,2025-11-02,payment
323,34,100,2025-12-02,payment
324,34,100,2026-01-01,payment
325,34,100,2026-01-31,payment
326,34,100,2026-03-02,payment
327,35,200,2025-07-27,payment
328,35,200,2025-08-26,payment
329,35,200,2025-09-25,payment
330,35,200,2025-10-25,payment
331,35,200,2025-11-24,payment
332,35,200,2025-12-24,payment
333,35,200,2026-01-23,payment
334,35,200,2026-02-22,payment
335,36,100,2024-11-04,payment
336,36,100,2024-12-04,payment
337,36,100,2025-01-03,payment
338,36,100,2025-02-02,payment
339,36,100,2025-03-04,payment
340,36,100,2025-04-03,payment
341,36,100,2025-05-03,payment
342,36,100,2025-07-02,payment
343,37,100,2025-09-09,payment
344,37,100,2025-10-09,payment
345,37,100,2025-11-08,payment
346,37,100,2025-12-08,payment
347,37,100,2026-01-07,payment
348,37,100,2026-02-06,payment
349,37,100,2026-03-08,payment
350,38,100,2025-08-21,payment
351,38,100,2025-09-20,payment
352,38,100,2025-10-20,payment
353,38,100,2025-11-19,payment
354,38,100,2025-12-19,payment
355,38,100,2026-01-18,payment
356,38,100,2026-02-17,payment
357,39,50,2025-05-31,payment
358,39,50,2025-06-30,payment
359,39,50,2025-07-30,payment
360,39,50,2025-08-29,payment
361,39,50,2025-09-28,payment
362,39,50,2025-10-28,payment
363,39,50,2025-11-27,payment
364,39,50,2025-12-27,payment
365,39,50,2026-01-26,payment
366,39,50,2026-02-25,payment
367,40,100,2025-04-01,payment
368,40,100,2025-05-01,payment
369,40,100,2025-05-31,payment
370,40,100,2025-06-30,payment
371,40,100,2025-07-30,payment
372,40,100,2025-08-29,payment
373,40,100,2025-09-28,payment
374,40,100,2025-10-28,payment
375,40,100,2025-11-27,payment
376,40,100,2025-12-27,payment
377,40,100,2026-01-26,payment
378,40,100,2026-02-25,payment
379,41,200,2025-09-04,payment
380,41,200,2025-10-04,payment
381,41,200,2025-11-03,payment
382,41,200,2025-12-03,payment
383,41,200,2026-01-02,payment
384,41,200,2026-02-01,payment
385,41,200,2026-03-03,payment
386,42,200,2025-03-18,payment
387,42,200,2025-04-17,payment
388,42,200,2025-05-17,payment
389,42,200,2025-07-16,payment
390,42,200,2025-08-15,payment
391,42,200,2025-09-14,payment
392,42,200,2025-10-14,payment
393,42,200,2025-11-13,payment
394,42,200,2026-01-12,payment
395,42,200,2026-02-11,payment
396,42,200,2026-03-13,payment
397,43,50,2025-04-17,payment
398,43,50,2025-05-17,payment
399,43,50,2025-06-16,payment
400,43,50,2025-07-16,payment
401,43,50,2025-08-15,payment
402,43,50,2025-09-14,payment
403,43,50,2025-10-14,payment
404,43,50,2025-11-13,payment
405,43,50,2025-12-13,payment
406,43,50,2026-01-12,payment
407,43,50,2026-02-11,payment
408,43,50,2026-03-13,payment
409,44,50,2025-03-16,payment
410,44,50,2025-04-15,payment
411,44,50,2025-06-14,payment
412,44,50,2025-07-14,payment
413,44,50,2025-08-13,payment
414,44,50,2025-09-12,payment
415,44,50,2025-10-12,payment
416,44,50,2025-11-11,payment
417,44,50,2025-12-11,payment
418,44,50,2026-01-10,payment
419,44,50,2026-03-11,payment
420,45,50,2025-04-08,payment
421,45,50,2025-05-08,payment
422,45,50,2025-06-07,payment
423,45,50,2025-07-07,payment
424,45,50,2025-08-06,payment
425,45,50,2025-09-05,payment
426,45,50,2025-10-05,payment
427,45,50,2025-11-04,payment
428,45,50,2025-12-04,payment
429,45,50,2026-01-03,payment
430,45,50,2026-02-02,payment
431,45,50,2026-03-04,payment
432,46,100,2024-10-13,payment
433,46,100,2024-11-12,payment
434,46,100,2024-12-12,payment
435,46,100,2025-01-11,payment
436,46,100,2025-02-10,payment
437,46,100,2025-03-12,payment
438,46,100,2025-05-11,payment
439,46,100,2025-06-10,payment
440,46,100,2025-07-10,payment
441,46,100,2025-08-09,payment
442,46,100,2025-09-08,payment
443,46,100,2025-10-08,payment
444,46,100,2025-11-07,payment
445,46,100,2025-12-07,payment
446,46,100,2026-01-06,payment
447,46,100,2026-03-07,payment
448,47,200,2024-12-23,payment
449,47,200,2025-01-22,payment
450,47,200,2025-02-21,payment
451,47,200,2025-03-23,payment
452,47,200,2025-04-22,payment
453,47,200,2025-05-22,payment
454,47,200,2025-06-21,payment
455,47,200,2025-07-21,payment
456,47,200,2025-08-20,payment
457,47,200,2025-09-19,payment
458,47,200,2025-10-19,payment
459,47,200,2025-11-18,payment
460,47,200,2025-12-18,payment
461,47,200,2026-01-17,payment
462,47,200,2026-02-16,payment
463,47,200,2026-03-18,payment
464,48,50,2025-07-15,payment
465,48,50,2025-08-14,payment
466,48,50,2025-11-12,payment
467,48,50,2025-12-12,payment
468,48,50,2026-01-11,payment
469,48,50,2026-02-10,payment
470,48,50,2026-03-12,payment
471,49,100,2025-05-02,payment
472,49,100,2025-06-01,payment
473,49,100,2025-07-01,payment
474,49,100,2025-07-31,payment
475,50,100,2025-01-08,payment
476,50,100,2025-02-07,payment
477,50,100,2025-03-09,payment
478,50,100,2025-04-08,payment
479,50,100,2025-05-08,payment
480,50,100,2025-06-07,payment
481,50,100,2025-07-07,payment
482,50,100,2025-08-06,payment
483,50,100,2025-09-05,payment
484,50,100,2025-10-05,payment
485,50,100,2025-11-04,payment
486,50,100,2025-12-04,payment
487,50,100,2026-01-03,payment
488,50,100,2026-02-02,payment
489,50,100,2026-03-04,payment
490,51,200,2024-11-22,payment
491,51,200,2024-12-22,payment
492,51,200,2025-01-21,payment
493,51,200,2025-03-22,payment
494,51,200,2025-06-20,payment
495,51,200,2025-07-20,payment
496,51,200,2025-08-19,payment
497,51,200,2025-09-18,payment
498,51,200,2025-10-18,payment
499,51,200,2025-11-17,payment
500,51,200,2025-12-17,payment
501,51,200,2026-01-16,payment
502,51,200,2026-02-15,payment
503,51,200,2026-03-17,payment
504,52,50,2024-12-25,payment
505,52,50,2025-01-24,payment
506,52,50,2025-02-23,payment
507,52,50,2025-03-25,payment
508,52,50,2025-04-24,payment
509,52,50,2025-05-24,payment
510,52,50,2025-06-23,payment
511,52,50,2025-07-23,payment
512,52,50,2025-08-22,payment
513,52,50,2025-09-21,payment
514,52,50,2025-10-21,payment
515,52,50,2025-11-20,payment
516,53,50,2025-05-07,payment
517,53,50,2025-06-06,payment
518,53,50,2025-07-06,payment
519,53,50,2025-08-05,payment
520,53,50,2025-09-04,payment
521,53,50,2025-10-04,payment
522,53,50,2025-11-03,payment
523,53,50,2025-12-03,payment
524,53,50,2026-01-02,payment
525,53,50,2026-02-01,payment
526,53,50,2026-03-03,payment
527,54,50,2025-02-06,payment
528,54,50,2025-03-08,payment
529,54,50,2025-04-07,payment
530,54,50,2025-05-07,payment
531,54,50,2025-06-06,payment
532,54,50,2025-07-06,payment
533,54,50,2025-09-04,payment
534,54,50,2025-10-04,payment
535,54,50,2025-11-03,payment
536,54,50,2025-12-03,payment
537,54,50,2026-01-02,payment
538,54,50,2026-02-01,payment
539,55,200,2024-12-21,payment
540,55,200,2025-01-20,payment
541,55,200,2025-02-19,payment
542,55,200,2025-03-21,payment
543,55,200,2025-04-20,payment
544,55,200,2025-05-20,payment
545,55,200,2025-06-19,payment
546,55,200,2025-07-19,payment
547,55,200,2025-08-18,payment
548,55,200,2025-09-17,payment
549,55,200,2025-11-16,payment
550,55,200,2025-12-16,payment
551,55,200,2026-01-15,payment
552,55,200,2026-02-14,payment
553,55,200,2026-03-16,payment
554,56,50,2025-06-17,payment
555,56,50,2025-07-17,payment
556,56,50,2025-08-16,payment
557,56,50,2025-09-15,payment
558,56,50,2025-10-15,payment
559,56,50,2025-11-14,payment
560,56,50,2025-12-14,payment
561,56,50,2026-01-13,payment
562,56,50,2026-02-12,payment
563,56,50,2026-03-14,payment
564,57,100,2024-12-14,payment
565,57,100,2025-01-13,payment
566,57,100,2025-03-14,payment
567,57,100,2025-04-13,payment
568,57,100,2025-05-13,payment
569,57,100,2025-06-12,payment
570,57,100,2025-08-11,payment
571,57,100,2025-09-10,payment
572,57,100,2025-10-10,payment
573,57,100,2025-11-09,payment
574,57,100,2025-12-09,payment
575,57,100,2026-01-08,payment
576,57,100,2026-02-07,payment
577,57,100,2026-03-09,payment
578,58,200,2025-08-08,payment
579,58,200,2025-09-07,payment
580,58,200,2025-10-07,payment
581,58,200,2025-11-06,payment
582,58,200,2025-12-06,payment
583,58,200,2026-01-05,payment
584,58,200,2026-02-04,payment
585,58,200,2026-03-06,payment
586,59,200,2025-07-13,payment
587,59,200,2025-08-12,payment
588,59,200,2025-09-11,payment
589,59,200,2025-10-11,payment
590,59,200,2025-12-10,payment
591,59,200,2026-01-09,payment
592,59,200,2026-02-08,payment
593,59,200,2026-03-10,payment
594,60,50,2024-11-21,payment
595,60,50,2024-12-21,payment
596,60,50,2025-01-20,payment
597,60,50,2025-02-19,payment
598,60,50,2025-03-21,payment
599,60,50,2025-04-20,payment
600,60,50,2025-05-20,payment
601,60,50,2025-06-19,payment
602,60,50,2025-07-19,payment
603,60,50,2025-08-18,payment
604,60,50,2025-09-17,payment
605,60,50,2025-10-17,payment
606,60,50,2025-11-16,payment
607,60,50,2025-12-16,payment
608,60,50,2026-01-15,payment
609,60,50,2026-02-14,payment
610,60,50,2026-03-16,payment
611,61,100,2025-05-25,payment
612,61,100,2025-06-24,payment
613,61,100,2025-07-24,payment
614,61,100,2025-08-23,payment
615,61,100,2025-09-22,payment
616,61,100,2025-10-22,payment
617,61,100,2025-11-21,payment
618,61,100,2025-12-21,payment
619,61,100,2026-01-20,payment
620,61,100,2026-02-19,payment
621,62,50,2025-04-15,payment
622,62,50,2025-05-15,payment
623,62,50,2025-06-14,payment
624,62,50,2025-07-14,payment
625,62,50,2025-08-13,payment
626,62,50,2025-09-12,payment
627,62,50,2025-11-11,payment
628,62,50,2025-12-11,payment
629,62,50,2026-01-10,payment
630,62,50,2026-02-09,payment
631,62,50,2026-03-11,payment
632,63,100,2025-06-22,payment
633,63,100,2025-07-22,payment
634,63,100,2025-08-21,payment
635,63,100,2025-09-20,payment
636,63,100,2025-10-20,payment
637,63,100,2025-11-19,payment
638,63,100,2025-12-19,payment
639,63,100,2026-01-18,payment
640,63,100,2026-02-17,payment
641,64,100,2025-06-20,payment
642,64,100,2025-07-20,payment
643,64,100,2025-08-19,payment
644,64,100,2025-09-18,payment
645,64,100,2025-10-18,payment
646,64,100,2025-11-17,payment
647,64,100,2025-12-17,payment
648,64,100,2026-01-16,payment
649,64,100,2026-02-15,payment
650,64,100,2026-03-17,payment
651,65,200,2024-11-08,payment
652,65,200,2024-12-08,payment
653,65,200,2025-01-07,payment
654,65,200,2025-02-06,payment
655,65,200,2025-04-07,payment
656,65,200,2025-05-07,payment
657,65,200,2025-06-06,payment
658,65,200,2025-07-06,payment
659,65,200,2025-08-05,payment
660,65,200,2025-09-04,payment
661,65,200,2025-10-04,payment
662,65,200,2025-11-03,payment
663,65,200,2025-12-03,payment
664,65,200,2026-01-02,payment
665,65,200,2026-02-01,payment
666,65,200,2026-03-03,payment
667,66,50,2025-04-14,payment
668,66,50,2025-05-14,payment
669,66,50,2025-06-13,payment
670,66,50,2025-07-13,payment
671,66,50,2025-08-12,payment
672,66,50,2025-09-11,payment
673,66,50,2025-10-11,payment
674,66,50,2025-11-10,payment
675,66,50,2025-12-10,payment
676,66,50,2026-01-09,payment
677,66,50,2026-02-08,payment
678,66,50,2026-03-10,payment
679,67,50,2025-02-13,payment
680,67,50,2025-03-15,payment
681,67,50,2025-04-14,payment
682,68,200,2025-09-03,payment
683,68,200,2025-10-03,payment
684,68,200,2025-11-02,payment
685,68,200,2025-12-02,payment
686,68,200,2026-01-01,payment
687,68,200,2026-01-31,payment
688,68,200,2026-03-02,payment
689,69,50,2024-11-05,payment
690,69,50,2024-12-05,payment
691,69,50,2025-01-04,payment
692,69,50,2025-04-04,payment
693,69,50,2025-05-04,payment
694,69,50,2025-06-03,payment
695,69,50,2025-07-03,payment
696,69,50,2025-08-02,payment
697,69,50,2025-09-01,payment
698,69,50,2025-10-01,payment
699,69,50,2025-10-31,payment
700,69,50,2025-11-30,payment
701,69,50,2025-12-30,payment
702,69,50,2026-01-29,payment
703,69,50,2026-02-28,payment
704,70,200,2025-03-25,payment
705,70,200,2025-04-24,payment
706,70,200,2025-05-24,payment
707,70,200,2025-06-23,payment
708,70,200,2025-07-23,payment
709,70,200,2025-08-22,payment
710,70,200,2025-09-21,payment
711,70,200,2025-10-21,payment
712,70,200,2025-11-20,payment
713,70,200,2025-12-20,payment
714,70,200,2026-01-19,payment
715,70,200,2026-02-18,payment
716,70,200,2026-03-20,payment
717,71,200,2025-05-29,payment
718,71,200,2025-06-28,payment
719,71,200,2025-07-28,payment
720,71,200,2025-08-27,payment
721,71,200,2025-09-26,payment
722,71,200,2025-10-26,payment
723,71,200,2025-11-25,payment
724,71,200,2025-12-25,payment
725,71,200,2026-01-24,payment
726,71,200,2026-02-23,payment
727,72,200,2025-07-21,payment
728,72,200,2025-08-20,payment
729,72,200,2025-09-19,payment
730,72,200,2025-10-19,payment
731,72,200,2025-11-18,payment
732,72,200,2025-12-18,payment
733,72,200,2026-01-17,payment
734,72,200,2026-02-16,payment
735,72,200,2026-03-18,payment
736,73,200,2025-08-27,payment
737,73,200,2025-09-26,payment
738,73,200,2025-10-26,payment
739,73,200,2025-11-25,payment
740,73,200,2025-12-25,payment
741,73,200,2026-01-24,payment
742,73,200,2026-02-23,payment
743,74,100,2024-10-30,payment
744,74,100,2024-11-29,payment
745,74,100,2024-12-29,payment
746,74,100,2025-01-28,payment
747,74,100,2025-02-27,payment
748,74,100,2025-03-29,payment
749,74,100,2025-04-28,payment
750,74,100,2025-05-28,payment
751,74,100,2025-06-27,payment
752,74,100,2025-07-27,payment
753,74,100,2025-08-26,payment
754,74,100,2025-09-25,payment
755,74,100,2025-11-24,payment
756,74,100,2025-12-24,payment
757,74,100,2026-01-23,payment
758,74,100,2026-02-22,payment
759,75,100,2025-05-03,payment
760,75,100,2025-06-02,payment
761,75,100,2025-07-02,payment
762,75,100,2025-08-01,payment
763,75,100,2025-08-31,payment
764,75,100,2025-09-30,payment
765,75,100,2025-10-30,payment
766,75,100,2025-11-29,payment
767,75,100,2025-12-29,payment
768,75,100,2026-01-28,payment
769,75,100,2026-02-27,payment
770,76,100,2025-03-05,payment
771,76,100,2025-04-04,payment
772,76,100,2025-05-04,payment
773,76,100,2025-06-03,payment
774,76,100,2025-07-03,payment
775,76,100,2025-08-02,payment
776,76,100,2025-09-01,payment
777,76,100,2025-10-01,payment
778,76,100,2025-10-31,payment
779,76,100,2025-11-30,payment
780,76,100,2025-12-30,payment
781,76,100,2026-01-29,payment
782,76,100,2026-02-28,payment
783,77,100,2024-09-17,payment
784,77,100,2024-10-17,payment
785,77,100,2024-11-16,payment
786,77,100,2024-12-16,payment
787,77,100,2025-01-15,payment
788,77,100,2025-02-14,payment
789,77,100,2025-03-16,payment
790,77,100,2025-04-15,payment
791,77,100,2025-05-15,payment
792,77,100,2025-06-14,payment
793,77,100,2025-08-13,payment
794,77,100,2025-09-12,payment
795,77,100,2025-10-12,payment
796,77,100,2025-11-11,payment
797,77,100,2025-12-11,payment
798,77,100,2026-01-10,payment
799,77,100,2026-02-09,payment
800,77,100,2026-03-11,payment
801,78,50,2025-05-30,payment
802,78,50,2025-06-29,payment
803,78,50,2025-07-29,payment
804,78,50,2025-08-28,payment
805,78,50,2025-09-27,payment
806,78,50,2025-10-27,payment
807,78,50,2025-11-26,payment
808,78,50,2025-12-26,payment
809,78,50,2026-01-25,payment
810,78,50,2026-02-24,payment
811,79,200,2025-02-23,payment
812,79,200,2025-03-25,payment
813,79,200,2025-04-24,payment
814,79,200,2025-05-24,payment
815,79,200,2025-06-23,payment
816,79,200,2025-07-23,payment
817,79,200,2025-08-22,payment
818,79,200,2025-09-21,payment
819,79,200,2025-10-21,payment
820,79,200,2025-11-20,payment
821,79,200,2025-12-20,payment
822,79,200,2026-01-19,payment
823,79,200,2026-02-18,payment
824,80,50,2025-02-26,payment
825,80,50,2025-03-28,payment
826,80,50,2025-04-27,payment
827,80,50,2025-05-27,payment
828,80,50,2025-06-26,payment
829,80,50,2025-08-25,payment
830,80,50,2025-10-24,payment
831,80,50,2025-11-23,payment
832,80,50,2025-12-23,payment
833,80,50,2026-01-22,payment
834,80,50,2026-02-21,payment
835,81,50,2025-05-09,payment
836,81,50,2025-06-08,payment
837,81,50,2025-07-08,payment
838,81,50,2025-08-07,payment
839,81,50,2025-09-06,payment
840,82,100,2025-08-12,payment
841,82,100,2025-09-11,payment
842,82,100,2025-11-10,payment
843,82,100,2025-12-10,payment
844,82,100,2026-02-08,payment
845,82,100,2026-03-10,payment
846,83,100,2024-11-20,payment
847,83,100,2024-12-20,payment
848,83,100,2025-01-19,payment
849,83,100,2025-02-18,payment
850,83,100,2025-04-19,payment
851,83,100,2025-05-19,payment
852,83,100,2025-06-18,payment
853,83,100,2025-07-18,payment
854,83,100,2025-08-17,payment
855,83,100,2025-09-16,payment
856,83,100,2025-10-16,payment
857,83,100,2025-11-15,payment
858,83,100,2025-12-15,payment
859,83,100,2026-01-14,payment
860,83,100,2026-02-13,payment
861,83,100,2026-03-15,payment
862,84,100,2025-08-30,payment
863,84,100,2025-09-29,payment
864,84,100,2025-10-29,payment
865,84,100,2025-11-28,payment
866,84,100,2025-12-28,payment
867,84,100,2026-01-27,payment
868,84,100,2026-02-26,payment
869,85,200,2025-06-20,payment
870,85,200,2025-07-20,payment
871,85,200,2025-08-19,payment
872,85,200,2025-09-18,payment
873,85,200,2025-10-18,payment
874,85,200,2025-11-17,payment
875,85,200,2025-12-17,payment
876,85,200,2026-01-16,payment
877,85,200,2026-02-15,payment
878,85,200,2026-03-17,payment
879,86,100,2025-03-21,payment
880,86,100,2025-04-20,payment
881,86,100,2025-05-20,payment
882,86,100,2025-06-19,payment
883,86,100,2025-07-19,payment
884,86,100,2025-08-18,payment
885,86,100,2025-09-17,payment
886,86,100,2025-10-17,payment
887,86,100,2025-11-16,payment
888,86,100,2025-12-16,payment
889,86,100,2026-01-15,payment
890,87,200,2025-09-10,payment
891,87,200,2025-10-10,payment
892,87,200,2025-11-09,payment
893,87,200,2025-12-09,payment
894,87,200,2026-01-08,payment
895,87,200,2026-02-07,payment
896,87,200,2026-03-09,payment
897,88,100,2025-04-03,payment
898,88,100,2025-06-02,payment
899,88,100,2025-07-02,payment
900,88,100,2025-08-01,payment
901,88,100,2025-08-31,payment
902,88,100,2025-09-30,payment
903,88,100,2025-10-30,payment
904,88,100,2025-11-29,payment
905,88,100,2025-12-29,payment
906,88,100,2026-01-28,payment
907,88,100,2026-02-27,payment
908,89,100,2024-11-30,payment
909,89,100,2024-12-30,payment
910,89,100,2025-01-29,payment
911,89,100,2025-02-28,payment
912,89,100,2025-03-30,payment
913,89,100,2025-04-29,payment
914,89,100,2025-06-28,payment
915,89,100,2025-07-28,payment
916,89,100,2025-08-27,payment
917,89,100,2025-09-26,payment
918,89,100,2025-10-26,payment
919,89,100,2025-11-25,payment
920,89,100,2025-12-25,payment
921,89,100,2026-01-24,payment
922,89,100,2026-02-23,payment
923,90,200,2025-06-10,payment
924,90,200,2025-07-10,payment
925,90,200,2025-08-09,payment
926,90,200,2025-09-08,payment
927,90,200,2025-10-08,payment
928,90,200,2025-11-07,payment
929,90,200,2025-12-07,payment
930,90,200,2026-01-06,payment
931,90,200,2026-02-05,payment
932,90,200,2026-03-07,payment
933,91,100,2024-12-04,payment
934,91,100,2025-01-03,payment
935,91,100,2025-02-02,payment
936,91,100,2025-03-04,payment
937,91,100,2025-04-03,payment
938,91,100,2025-05-03,payment
939,91,100,2025-06-02,payment
940,91,100,2025-07-02,payment
941,91,100,2025-08-01,payment
942,91,100,2025-08-31,payment
943,91,100,2025-09-30,payment
944,91,100,2025-10-30,payment
945,91,100,2025-11-29,payment
946,91,100,2025-12-29,payment
947,91,100,2026-01-28,payment
948,91,100,2026-02-27,payment
949,92,50,2024-09-29,payment
950,92,50,2024-10-29,payment
951,92,50,2024-11-28,payment
952,92,50,2024-12-28,payment
953,92,50,2025-01-27,payment
954,92,50,2025-02-26,payment
955,92,50,2025-03-28,payment
956,92,50,2025-04-27,payment
957,92,50,2025-05-27,payment
958,92,50,2025-06-26,payment
959,92,50,2025-07-26,payment
960,92,50,2025-08-25,payment
961,92,50,2025-09-24,payment
962,92,50,2025-10-24,payment
963,92,50,2025-11-23,payment
964,92,50,2025-12-23,payment
965,92,50,2026-01-22,payment
966,92,50,2026-02-21,payment
967,93,200,2025-05-27,payment
968,93,200,2025-06-26,payment
969,93,200,2025-07-26,payment
970,93,200,2025-08-25,payment
971,93,200,2025-09-24,payment
972,93,200,2025-10-24,payment
973,93,200,2025-11-23,payment
974,93,200,2025-12-23,payment
975,93,200,2026-01-22,payment
976,93,200,2026-02-21,payment
977,94,100,2025-09-01,payment
978,94,100,2025-10-01,payment
979,94,100,2025-10-31,payment
980,94,100,2025-11-30,payment
981,94,100,2025-12-30,payment
982,94,100,2026-01-29,payment
983,94,100,2026-02-28,payment
984,95,100,2025-08-10,payment
985,95,100,2025-09-09,payment
986,95,100,2025-10-09,payment
987,95,100,2025-11-08,payment
988,95,100,2025-12-08,payment
989,95,100,2026-01-07,payment
990,95,100,2026-02-06,payment
991,95,100,2026-03-08,payment
992,96,100,2025-06-29,payment
993,96,100,2025-08-28,payment
994,96,100,2025-09-27,payment
995,96,100,2025-10-27,payment
996,96,100,2025-11-26,payment
997,96,100,2025-12-26,payment
998,96,100,2026-01-25,payment
999,96,100,2026-02-24,payment
1000,97,100,2025-06-19,payment
1001,97,100,2025-07-19,payment
1002,97,100,2025-08-18,payment
1003,97,100,2025-09-17,payment
1004,97,100,2025-10-17,payment
1005,97,100,2025-11-16,payment
1006,97,100,2025-12-16,payment
1007,97,100,2026-01-15,payment
1008,97,100,2026-03-16,payment
1009,98,50,2025-08-07,payment
1010,98,50,2025-09-06,payment
1011,98,50,2025-10-06,payment
1012,98,50,2025-11-05,payment
1013,98,50,2025-12-05,payment
1014,98,50,2026-02-03,payment
1015,99,200,2025-08-27,payment
1016,99,200,2025-09-26,payment
1017,99,200,2025-10-26,payment
1018,99,200,2025-11-25,payment
1019,99,200,2025-12-25,payment
1020,99,200,2026-01-24,payment
1021,99,200,2026-02-23,payment
1022,100,200,2025-01-04,payment
1023,100,200,2025-02-03,payment
1024,100,200,2025-03-05,payment
1025,100,200,2025-04-04,payment
1026,100,200,2025-05-04,payment
1027,100,200,2025-06-03,payment
1028,100,200,2025-07-03,payment
1029,100,200,2025-08-02,payment
1030,100,200,2025-09-01,payment
1031,100,200,2025-10-01,payment
1032,100,200,2025-10-31,payment
1033,100,200,2025-11-30,payment
1034,100,200,2025-12-30,payment
1035,100,200,2026-01-29,payment
1036,100,200,2026-02-28,payment
1037,101,200,2025-04-17,payment
1038,101,200,2025-05-17,payment
1039,101,200,2025-06-16,payment
1040,101,200,2025-07-16,payment
1041,101,200,2025-08-15,payment
1042,101,200,2025-09-14,payment
1043,101,200,2025-10-14,payment
1044,101,200,2025-11-13,payment
1045,101,200,2025-12-13,payment
1046,101,200,2026-01-12,payment
1047,101,200,2026-02-11,payment
1048,101,200,2026-03-13,payment
1049,102,50,2024-10-03,payment
1050,102,50,2024-11-02,payment
1051,102,50,2024-12-02,payment
1052,102,50,2025-01-01,payment
1053,102,50,2025-01-31,payment
1054,102,50,2025-03-02,payment
1055,102,50,2025-04-01,payment
1056,102,50,2025-05-01,payment
1057,102,50,2025-05-31,payment
1058,102,50,2025-06-30,payment
1059,102,50,2025-07-30,payment
1060,102,50,2025-08-29,payment
1061,102,50,2025-09-28,payment
1062,102,50,2025-10-28,payment
1063,102,50,2025-11-27,payment
1064,102,50,2025-12-27,payment
1065,102,50,2026-01-26,payment
1066,102,50,2026-02-25,payment
1067,103,200,2024-11-13,payment
1068,103,200,2024-12-13,payment
1069,103,200,2025-01-12,payment
1070,103,200,2025-02-11,payment
1071,103,200,2025-03-13,payment
1072,103,200,2025-04-12,payment
1073,103,200,2025-05-12,payment
1074,103,200,2025-06-11,payment
1075,103,200,2025-07-11,payment
1076,103,200,2025-08-10,payment
1077,103,200,2025-09-09,payment
1078,103,200,2025-10-09,payment
1079,103,200,2025-12-08,payment
1080,103,200,2026-01-07,payment
1081,103,200,2026-02-06,payment
1082,103,200,2026-03-08,payment
1083,104,100,2025-01-26,payment
1084,104,100,2025-02-25,payment
1085,104,100,2025-03-27,payment
1086,104,100,2025-04-26,payment
1087,104,100,2025-05-26,payment
1088,104,100,2025-06-25,payment
1089,104,100,2025-07-25,payment
1090,104,100,2025-08-24,payment
1091,104,100,2025-09-23,payment
1092,105,100,2024-09-28,payment
1093,105,100,2024-10-28,payment
1094,105,100,2024-11-27,payment
1095,105,100,2024-12-27,payment
1096,105,100,2025-01-26,payment
1097,105,100,2025-02-25,payment
1098,105,100,2025-03-27,payment
1099,105,100,2025-04-26,payment
1100,105,100,2025-05-26,payment
1101,105,100,2025-07-25,payment
1102,105,100,2025-08-24,payment
1103,105,100,2025-09-23,payment
1104,105,100,2025-10-23,payment
1105,105,100,2025-11-22,payment
1106,105,100,2025-12-22,payment
1107,105,100,2026-01-21,payment
1108,105,100,2026-02-20,payment
1109,106,200,2024-11-30,payment
1110,106,200,2025-01-29,payment
1111,106,200,2025-02-28,payment
1112,106,200,2025-03-30,payment
1113,106,200,2025-05-29,payment
1114,106,200,2025-07-28,payment
1115,106,200,2025-08-27,payment
1116,106,200,2025-09-26,payment
1117,106,200,2025-10-26,payment
1118,106,200,2025-11-25,payment
1119,106,200,2025-12-25,payment
1120,106,200,2026-01-24,payment
1121,106,200,2026-02-23,payment
1122,107,100,2025-09-11,payment
1123,107,100,2025-10-11,payment
1124,107,100,2025-11-10,payment
1125,107,100,2025-12-10,payment
1126,107,100,2026-01-09,payment
1127,107,100,2026-02-08,payment
1128,107,100,2026-03-10,payment
1129,108,50,2025-08-19,payment
1130,108,50,2025-09-18,payment
1131,108,50,2025-10-18,payment
1132,108,50,2025-11-17,payment
1133,108,50,2026-01-16,payment
1134,109,50,2025-07-01,payment
1135,109,50,2025-07-31,payment
1136,109,50,2025-08-30,payment
1137,109,50,2025-09-29,payment
1138,109,50,2025-10-29,payment
1139,109,50,2025-11-28,payment
1140,109,50,2025-12-28,payment
1141,109,50,2026-01-27,payment
1142,109,50,2026-02-26,payment
1143,110,200,2024-12-19,payment
1144,110,200,2025-01-18,payment
1145,110,200,2025-02-17,payment
1146,110,200,2025-03-19,payment
1147,110,200,2025-04-18,payment
1148,110,200,2025-05-18,payment
1149,110,200,2025-06-17,payment
1150,110,200,2025-07-17,payment
1151,110,200,2025-08-16,payment
1152,110,200,2025-09-15,payment
1153,110,200,2025-10-15,payment
1154,110,200,2025-11-14,payment
1155,110,200,2026-01-13,payment
1156,110,200,2026-02-12,payment
1157,110,200,2026-03-14,payment
1158,111,100,2025-09-07,payment
1159,111,100,2025-10-07,payment
1160,111,100,2025-11-06,payment
1161,111,100,2025-12-06,payment
1162,111,100,2026-01-05,payment
1163,111,100,2026-02-04,payment
1164,111,100,2026-03-06,payment
1165,112,100,2024-09-29,payment
1166,112,100,2024-10-29,payment
1167,112,100,2024-11-28,payment
1168,112,100,2024-12-28,payment
1169,112,100,2025-02-26,payment
1170,112,100,2025-03-28,payment
1171,112,100,2025-04-27,payment
1172,112,100,2025-05-27,payment
1173,112,100,2025-06-26,payment
1174,112,100,2025-07-26,payment
1175,112,100,2025-08-25,payment
1176,112,100,2025-09-24,payment
1177,112,100,2025-10-24,payment
1178,112,100,2025-11-23,payment
1179,112,100,2025-12-23,payment
1180,112,100,2026-01-22,payment
1181,112,100,2026-02-21,payment
1182,113,100,2025-03-07,payment
1183,113,100,2025-04-06,payment
1184,113,100,2025-05-06,payment
1185,113,100,2025-06-05,payment
1186,113,100,2025-07-05,payment
1187,113,100,2025-08-04,payment
1188,113,100,2025-10-03,payment
1189,113,100,2025-11-02,payment
1190,113,100,2025-12-02,payment
1191,113,100,2026-01-01,payment
1192,113,100,2026-01-31,payment
1193,113,100,2026-03-02,payment
1194,114,50,2024-09-27,payment
1195,114,50,2024-10-27,payment
1196,114,50,2024-11-26,payment
1197,114,50,2024-12-26,payment
1198,114,50,2025-01-25,payment
1199,114,50,2025-02-24,payment
1200,114,50,2025-03-26,payment
1201,114,50,2025-04-25,payment
1202,114,50,2025-05-25,payment
1203,114,50,2025-07-24,payment
1204,114,50,2025-08-23,payment
1205,114,50,2025-09-22,payment
1206,114,50,2025-10-22,payment
1207,114,50,2025-11-21,payment
1208,114,50,2025-12-21,payment
1209,114,50,2026-01-20,payment
1210,114,50,2026-02-19,payment
1211,115,50,2025-06-02,payment
1212,115,50,2025-07-02,payment
1213,115,50,2025-08-01,payment
1214,115,50,2025-08-31,payment
1215,115,50,2025-10-30,payment
1216,115,50,2025-11-29,payment
1217,115,50,2025-12-29,payment
1218,115,50,2026-02-27,payment
1219,116,200,2024-10-31,payment
1220,116,200,2024-11-30,payment
1221,116,200,2024-12-30,payment
1222,116,200,2025-01-29,payment
1223,116,200,2025-02-28,payment
1224,116,200,2025-03-30,payment
1225,116,200,2025-04-29,payment
1226,116,200,2025-05-29,payment
1227,116,200,2025-06-28,payment
1228,116,200,2025-07-28,payment
1229,116,200,2025-08-27,payment
1230,116,200,2025-09-26,payment
1231,116,200,2025-10-26,payment
1232,116,200,2025-11-25,payment
1233,116,200,2025-12-25,payment
1234,116,200,2026-01-24,payment
1235,116,200,2026-02-23,payment
1236,117,100,2025-01-29,payment
1237,117,100,2025-02-28,payment
1238,117,100,2025-03-30,payment
1239,117,100,2025-04-29,payment
1240,117,100,2025-05-29,payment
1241,117,100,2025-06-28,payment
1242,117,100,2025-07-28,payment
1243,117,100,2025-08-27,payment
1244,117,100,2025-09-26,payment
1245,117,100,2025-10-26,payment
1246,117,100,2025-11-25,payment
1247,117,100,2025-12-25,payment
1248,117,100,2026-01-24,payment
1249,117,100,2026-02-23,payment
1250,118,100,2025-04-13,payment
1251,118,100,2025-05-13,payment
1252,118,100,2025-06-12,payment
1253,118,100,2025-07-12,payment
1254,118,100,2025-08-11,payment
1255,118,100,2025-09-10,payment
1256,118,100,2025-10-10,payment
1257,118,100,2025-11-09,payment
1258,118,100,2025-12-09,payment
1259,118,100,2026-01-08,payment
1260,118,100,2026-02-07,payment
1261,118,100,2026-03-09,payment
1262,119,200,2025-01-28,payment
1263,119,200,2025-02-27,payment
1264,119,200,2025-03-29,payment
1265,119,200,2025-04-28,payment
1266,119,200,2025-05-28,payment
1267,119,200,2025-06-27,payment
1268,119,200,2025-07-27,payment
1269,119,200,2025-08-26,payment
1270,119,200,2025-09-25,payment
1271,119,200,2025-10-25,payment
1272,119,200,2025-11-24,payment
1273,119,200,2025-12-24,payment
1274,119,200,2026-02-22,payment
1275,120,50,2024-12-11,payment
1276,120,50,2025-01-10,payment
1277,120,50,2025-02-09,payment
1278,120,50,2025-03-11,payment
1279,120,50,2025-04-10,payment
1280,120,50,2025-05-10,payment
1281,120,50,2025-06-09,payment
1282,120,50,2025-07-09,payment
1283,120,50,2025-08-08,payment
1284,120,50,2025-09-07,payment
1285,120,50,2025-10-07,payment
1286,120,50,2025-11-06,payment
1287,120,50,2025-12-06,payment
1288,120,50,2026-01-05,payment
1289,120,50,2026-02-04,payment
1290,120,50,2026-03-06,payment
1291,121,50,2025-07-10,payment
1292,121,50,2025-08-09,payment
1293,121,50,2025-09-08,payment
1294,121,50,2025-10-08,payment
1295,121,50,2025-11-07,payment
1296,121,50,2025-12-07,payment
1297,121,50,2026-01-06,payment
1298,121,50,2026-02-05,payment
1299,121,50,2026-03-07,payment
1300,122,50,2024-10-29,payment
1301,122,50,2024-11-28,payment
1302,122,50,2024-12-28,payment
1303,122,50,2025-01-27,payment
1304,122,50,2025-02-26,payment
1305,122,50,2025-03-28,payment
1306,122,50,2025-04-27,payment
1307,122,50,2025-05-27,payment
1308,122,50,2025-06-26,payment
1309,122,50,2025-07-26,payment
1310,122,50,2025-08-25,payment
1311,122,50,2025-09-24,payment
1312,122,50,2025-10-24,payment
1313,122,50,2025-11-23,payment
1314,122,50,2025-12-23,payment
1315,122,50,2026-01-22,payment
1316,122,50,2026-02-21,payment
1317,123,200,2024-10-08,payment
1318,123,200,2024-11-07,payment
1319,123,200,2025-01-06,payment
1320,123,200,2025-02-05,payment
1321,123,200,2025-03-07,payment
1322,123,200,2025-04-06,payment
1323,123,200,2025-05-06,payment
1324,123,200,2025-06-05,payment
1325,123,200,2025-07-05,payment
1326,123,200,2025-08-04,payment
1327,123,200,2025-09-03,payment
1328,123,200,2025-10-03,payment
1329,123,200,2025-11-02,payment
1330,123,200,2025-12-02,payment
1331,123,200,2026-01-31,payment
1332,123,200,2026-03-02,payment
1333,124,50,2025-01-23,payment
1334,124,50,2025-03-24,payment
1335,124,50,2025-04-23,payment
1336,124,50,2025-05-23,payment
1337,124,50,2025-06-22,payment
1338,124,50,2025-07-22,payment
1339,124,50,2025-09-20,payment
1340,124,50,2025-10-20,payment
1341,124,50,2025-11-19,payment
1342,124,50,2025-12-19,payment
1343,124,50,2026-01-18,payment
1344,124,50,2026-02-17,payment
1345,125,50,2024-12-27,payment
1346,125,50,2025-01-26,payment
1347,125,50,2025-02-25,payment
1348,125,50,2025-03-27,payment
1349,125,50,2025-04-26,payment
1350,125,50,2025-05-26,payment
1351,125,50,2025-06-25,payment
1352,125,50,2025-07-25,payment
1353,125,50,2025-08-24,payment
1354,125,50,2025-09-23,payment
1355,125,50,2025-10-23,payment
1356,125,50,2025-11-22,payment
1357,126,100,2025-03-14,payment
1358,126,100,2025-04-13,payment
1359,126,100,2025-05-13,payment
1360,126,100,2025-06-12,payment
1361,126,100,2025-07-12,payment
1362,126,100,2025-08-11,payment
1363,126,100,2025-09-10,payment
1364,126,100,2025-10-10,payment
1365,126,100,2025-11-09,payment
1366,126,100,2025-12-09,payment
1367,126,100,2026-01-08,payment
1368,126,100,2026-02-07,payment
1369,126,100,2026-03-09,payment
1370,127,200,2025-08-19,payment
1371,127,200,2025-09-18,payment
1372,127,200,2025-10-18,payment
1373,127,200,2025-11-17,payment
1374,127,200,2025-12-17,payment
1375,127,200,2026-01-16,payment
1376,127,200,2026-02-15,payment
1377,128,200,2025-01-03,payment
1378,128,200,2025-02-02,payment
1379,128,200,2025-03-04,payment
1380,128,200,2025-04-03,payment
1381,128,200,2025-05-03,payment
1382,128,200,2025-06-02,payment
1383,128,200,2025-07-02,payment
1384,128,200,2025-08-01,payment
1385,128,200,2025-08-31,payment
1386,128,200,2025-09-30,payment
1387,128,200,2025-10-30,payment
1388,129,100,2024-12-23,payment
1389,129,100,2025-01-22,payment
1390,129,100,2025-02-21,payment
1391,129,100,2025-03-23,payment
1392,129,100,2025-04-22,payment
1393,129,100,2025-05-22,payment
1394,129,100,2025-06-21,payment
1395,129,100,2025-07-21,payment
1396,129,100,2025-08-20,payment
1397,129,100,2025-09-19,payment
1398,129,100,2025-10-19,payment
1399,129,100,2025-11-18,payment
1400,129,100,2025-12-18,payment
1401,130,50,2025-04-07,payment
1402,130,50,2025-05-07,payment
1403,130,50,2025-06-06,payment
1404,130,50,2025-07-06,payment
1405,130,50,2025-08-05,payment
1406,130,50,2025-09-04,payment
1407,130,50,2025-10-04,payment
1408,130,50,2025-11-03,payment
1409,130,50,2025-12-03,payment
1410,130,50,2026-01-02,payment
1411,130,50,2026-02-01,payment
1412,130,50,2026-03-03,payment
1413,131,50,2024-10-07,payment
1414,131,50,2024-11-06,payment
1415,131,50,2024-12-06,payment
1416,131,50,2025-01-05,payment
1417,131,50,2025-02-04,payment
1418,131,50,2025-03-06,payment
1419,131,50,2025-04-05,payment
1420,131,50,2025-05-05,payment
1421,131,50,2025-06-04,payment
1422,131,50,2025-07-04,payment
1423,131,50,2025-08-03,payment
1424,131,50,2025-09-02,payment
1425,131,50,2025-10-02,payment
1426,131,50,2025-11-01,payment
1427,131,50,2025-12-01,payment
1428,131,50,2025-12-31,payment
1429,131,50,2026-01-30,payment
1430,131,50,2026-03-01,payment
1431,132,50,2024-09-22,payment
1432,132,50,2024-10-22,payment
1433,132,50,2024-11-21,payment
1434,132,50,2024-12-21,payment
1435,132,50,2025-01-20,payment
1436,132,50,2025-02-19,payment
1437,132,50,2025-03-21,payment
1438,132,50,2025-04-20,payment
1439,132,50,2025-05-20,payment
1440,132,50,2025-06-19,payment
1441,132,50,2025-07-19,payment
1442,132,50,2025-08-18,payment
1443,132,50,2025-09-17,payment
1444,132,50,2025-10-17,payment
1445,132,50,2025-11-16,payment
1446,132,50,2025-12-16,payment
1447,132,50,2026-01-15,payment
1448,132,50,2026-02-14,payment
1449,132,50,2026-03-16,payment
1450,133,50,2025-05-31,payment
1451,133,50,2025-06-30,payment
1452,133,50,2025-07-30,payment
1453,133,50,2025-08-29,payment
1454,133,50,2025-09-28,payment
1455,133,50,2025-10-28,payment
1456,133,50,2025-11-27,payment
1457,133,50,2025-12-27,payment
1458,133,50,2026-01-26,payment
1459,133,50,2026-02-25,payment
1460,134,50,2025-05-30,payment
1461,134,50,2025-06-29,payment
1462,134,50,2025-07-29,payment
1463,134,50,2025-08-28,payment
1464,134,50,2025-09-27,payment
1465,134,50,2025-10-27,payment
1466,134,50,2025-12-26,payment
1467,134,50,2026-01-25,payment
1468,134,50,2026-02-24,payment
1469,135,50,2025-03-30,payment
1470,135,50,2025-04-29,payment
1471,135,50,2025-05-29,payment
1472,135,50,2025-06-28,payment
1473,135,50,2025-07-28,payment
1474,135,50,2025-08-27,payment
1475,135,50,2025-09-26,payment
1476,135,50,2025-10-26,payment
1477,135,50,2025-11-25,payment
1478,135,50,2025-12-25,payment
1479,135,50,2026-01-24,payment
1480,135,50,2026-02-23,payment
1481,136,50,2025-08-18,payment
1482,136,50,2025-09-17,payment
1483,136,50,2025-10-17,payment
1484,136,50,2025-11-16,payment
1485,136,50,2025-12-16,payment
1486,136,50,2026-01-15,payment
1487,136,50,2026-02-14,payment
1488,136,50,2026-03-16,payment
1489,137,50,2025-07-16,payment
1490,137,50,2025-08-15,payment
1491,137,50,2025-10-14,payment
1492,137,50,2025-11-13,payment
1493,137,50,2025-12-13,payment
1494,137,50,2026-01-12,payment
1495,137,50,2026-02-11,payment
1496,137,50,2026-03-13,payment
1497,138,50,2024-12-18,payment
1498,138,50,2025-01-17,payment
1499,138,50,2025-02-16,payment
1500,138,50,2025-03-18,payment
1501,138,50,2025-04-17,payment
1502,138,50,2025-05-17,payment
1503,138,50,2025-06-16,payment
1504,138,50,2025-07-16,payment
1505,138,50,2025-08-15,payment
1506,138,50,2025-09-14,payment
1507,138,50,2025-10-14,payment
1508,138,50,2025-11-13,payment
1509,138,50,2025-12-13,payment
1510,138,50,2026-01-12,payment
1511,138,50,2026-02-11,payment
1512,138,50,2026-03-13,payment
1513,139,100,2025-08-12,payment
1514,139,100,2025-09-11,payment
1515,139,100,2025-10-11,payment
1516,139,100,2025-11-10,payment
1517,139,100,2025-12-10,payment
1518,139,100,2026-01-09,payment
1519,139,100,2026-02-08,payment
1520,139,100,2026-03-10,payment
1521,140,200,2024-11-23,payment
1522,140,200,2024-12-23,payment
1523,140,200,2025-01-22,payment
1524,140,200,2025-03-23,payment
1525,140,200,2025-04-22,payment
1526,140,200,2025-05-22,payment
1527,140,200,2025-06-21,payment
1528,140,200,2025-07-21,payment
1529,140,200,2025-08-20,payment
1530,140,200,2025-09-19,payment
1531,140,200,2025-10-19,payment
1532,140,200,2025-11-18,payment
1533,140,200,2025-12-18,payment
1534,140,200,2026-01-17,payment
1535,140,200,2026-02-16,payment
1536,140,200,2026-03-18,payment
1537,141,200,2025-05-19,payment
1538,141,200,2025-06-18,payment
1539,141,200,2025-07-18,payment
1540,141,200,2025-08-17,payment
1541,141,200,2025-09-16,payment
1542,141,200,2025-10-16,payment
1543,141,200,2025-11-15,payment
1544,141,200,2025-12-15,payment
1545,141,200,2026-01-14,payment
1546,141,200,2026-02-13,payment
1547,141,200,2026-03-15,payment
1548,142,50,2025-04-19,payment
1549,142,50,2025-05-19,payment
1550,142,50,2025-06-18,payment
1551,142,50,2025-07-18,payment
1552,142,50,2025-08-17,payment
1553,142,50,2025-09-16,payment
1554,142,50,2025-10-16,payment
1555,142,50,2025-11-15,payment
1556,142,50,2025-12-15,payment
1557,142,50,2026-01-14,payment
1558,142,50,2026-02-13,payment
1559,142,50,2026-03-15,payment
1560,143,200,2025-01-01,payment
1561,143,200,2025-01-31,payment
1562,143,200,2025-03-02,payment
1563,143,200,2025-04-01,payment
1564,143,200,2025-05-01,payment
1565,143,200,2025-05-31,payment
1566,143,200,2025-06-30,payment
1567,143,200,2025-07-30,payment
1568,143,200,2025-08-29,payment
1569,143,200,2025-09-28,payment
1570,143,200,2025-10-28,payment
1571,143,200,2025-11-27,payment
1572,143,200,2025-12-27,payment
1573,143,200,2026-01-26,payment
1574,143,200,2026-02-25,payment
1575,144,200,2024-10-07,payment
1576,144,200,2024-11-06,payment
1577,144,200,2024-12-06,payment
1578,144,200,2025-01-05,payment
1579,144,200,2025-02-04,payment
1580,144,200,2025-03-06,payment
1581,144,200,2025-04-05,payment
1582,144,200,2025-05-05,payment
1583,144,200,2025-06-04,payment
1584,144,200,2025-08-03,payment
1585,144,200,2025-09-02,payment
1586,144,200,2025-10-02,payment
1587,144,200,2025-11-01,payment
1588,144,200,2025-12-01,payment
1589,144,200,2025-12-31,payment
1590,144,200,2026-03-01,payment
1591,145,200,2025-04-25,payment
1592,145,200,2025-05-25,payment
1593,145,200,2025-06-24,payment
1594,145,200,2025-07-24,payment
1595,145,200,2025-08-23,payment
1596,145,200,2025-09-22,payment
1597,145,200,2025-10-22,payment
1598,145,200,2025-11-21,payment
1599,145,200,2025-12-21,payment
1600,145,200,2026-01-20,payment
1601,145,200,2026-02-19,payment
1602,146,100,2025-06-29,payment
1603,146,100,2025-07-29,payment
1604,146,100,2025-08-28,payment
1605,146,100,2025-09-27,payment
1606,146,100,2025-10-27,payment
1607,146,100,2025-11-26,payment
1608,146,100,2025-12-26,payment
1609,146,100,2026-01-25,payment
1610,146,100,2026-02-24,payment
1611,147,200,2025-02-19,payment
1612,147,200,2025-03-21,payment
1613,147,200,2025-04-20,payment
1614,147,200,2025-05-20,payment
1615,147,200,2025-06-19,payment
1616,147,200,2025-07-19,payment
1617,147,200,2025-08-18,payment
1618,147,200,2025-09-17,payment
1619,147,200,2025-10-17,payment
1620,147,200,2025-11-16,payment
1621,147,200,2025-12-16,payment
1622,147,200,2026-01-15,payment
1623,147,200,2026-02-14,payment
1624,147,200,2026-03-16,payment
1625,148,200,2025-05-12,payment
1626,148,200,2025-06-11,payment
1627,148,200,2025-07-11,payment
1628,149,50,2025-02-08,payment
1629,149,50,2025-04-09,payment
1630,149,50,2025-05-09,payment
1631,149,50,2025-06-08,payment
1632,149,50,2025-07-08,payment
1633,149,50,2025-08-07,payment
1634,149,50,2025-09-06,payment
1635,149,50,2025-10-06,payment
1636,149,50,2025-11-05,payment
1637,149,50,2025-12-05,payment
1638,149,50,2026-01-04,payment
1639,149,50,2026-02-03,payment
1640,149,50,2026-03-05,payment
1641,150,200,2024-12-03,payment
1642,150,200,2025-01-02,payment
1643,150,200,2025-02-01,payment
1644,150,200,2025-03-03,payment
1645,150,200,2025-04-02,payment
1646,150,200,2025-05-02,payment
1647,150,200,2025-06-01,payment
1648,150,200,2025-07-01,payment
1649,150,200,2025-07-31,payment
1650,150,200,2025-08-30,payment
1651,150,200,2025-09-29,payment
1652,150,200,2025-10-29,payment
1653,150,200,2025-11-28,payment
1654,150,200,2025-12-28,payment
1655,150,200,2026-01-27,payment
1656,150,200,2026-02-26,payment
1657,151,100,2025-06-10,payment
1658,151,100,2025-07-10,payment
1659,151,100,2025-08-09,payment
1660,151,100,2025-09-08,payment
1661,151,100,2025-10-08,payment
1662,151,100,2025-11-07,payment
1663,151,100,2026-01-06,payment
1664,151,100,2026-03-07,payment
1665,152,100,2024-11-02,payment
1666,152,100,2024-12-02,payment
1667,152,100,2025-01-01,payment
1668,152,100,2025-01-31,payment
1669,152,100,2025-03-02,payment
1670,152,100,2025-04-01,payment
1671,152,100,2025-05-01,payment
1672,152,100,2025-05-31,payment
1673,152,100,2025-06-30,payment
1674,152,100,2025-07-30,payment
1675,152,100,2025-08-29,payment
1676,153,100,2025-07-30,payment
1677,153,100,2025-08-29,payment
1678,153,100,2025-09-28,payment
1679,153,100,2025-10-28,payment
1680,153,100,2025-11-27,payment
1681,153,100,2025-12-27,payment
1682,153,100,2026-01-26,payment
1683,153,100,2026-02-25,payment
1684,154,100,2025-02-16,payment
1685,154,100,2025-03-18,payment
1686,154,100,2025-04-17,payment
1687,154,100,2025-05-17,payment
1688,154,100,2025-06-16,payment
1689,154,100,2025-07-16,payment
1690,154,100,2025-08-15,payment
1691,154,100,2025-09-14,payment
1692,154,100,2025-10-14,payment
1693,154,100,2025-11-13,payment
1694,154,100,2025-12-13,payment
1695,154,100,2026-01-12,payment
1696,154,100,2026-02-11,payment
1697,154,100,2026-03-13,payment
1698,155,200,2024-12-22,payment
1699,155,200,2025-01-21,payment
1700,155,200,2025-02-20,payment
1701,155,200,2025-03-22,payment
1702,155,200,2025-04-21,payment
1703,155,200,2025-05-21,payment
1704,155,200,2025-06-20,payment
1705,155,200,2025-07-20,payment
1706,155,200,2025-08-19,payment
1707,155,200,2025-09-18,payment
1708,155,200,2025-10-18,payment
1709,155,200,2025-11-17,payment
1710,155,200,2025-12-17,payment
1711,155,200,2026-01-16,payment
1712,155,200,2026-02-15,payment
1713,155,200,2026-03-17,payment
1714,156,200,2025-08-25,payment
1715,156,200,2025-09-24,payment
1716,156,200,2025-10-24,payment
1717,156,200,2025-11-23,payment
1718,156,200,2025-12-23,payment
1719,156,200,2026-02-21,payment
1720,157,50,2025-04-07,payment
1721,157,50,2025-05-07,payment
1722,157,50,2025-06-06,payment
1723,157,50,2025-07-06,payment
1724,157,50,2025-09-04,payment
1725,157,50,2025-10-04,payment
1726,157,50,2025-11-03,payment
1727,157,50,2025-12-03,payment
1728,157,50,2026-01-02,payment
1729,157,50,2026-03-03,payment
1730,158,100,2024-10-22,payment
1731,158,100,2024-11-21,payment
1732,158,100,2024-12-21,payment
1733,158,100,2025-01-20,payment
1734,158,100,2025-02-19,payment
1735,158,100,2025-03-21,payment
1736,158,100,2025-04-20,payment
1737,158,100,2025-05-20,payment
1738,158,100,2025-06-19,payment
1739,158,100,2025-07-19,payment
1740,158,100,2025-08-18,payment
1741,158,100,2025-09-17,payment
1742,158,100,2025-10-17,payment
1743,158,100,2025-11-16,payment
1744,158,100,2025-12-16,payment
1745,158,100,2026-02-14,payment
1746,158,100,2026-03-16,payment
1747,159,100,2024-12-16,payment
1748,159,100,2025-01-15,payment
1749,159,100,2025-02-14,payment
1750,159,100,2025-03-16,payment
1751,159,100,2025-05-15,payment
1752,159,100,2025-06-14,payment
1753,159,100,2025-07-14,payment
1754,159,100,2025-08-13,payment
1755,159,100,2025-09-12,payment
1756,159,100,2025-10-12,payment
1757,159,100,2025-11-11,payment
1758,159,100,2025-12-11,payment
1759,159,100,2026-01-10,payment
1760,159,100,2026-02-09,payment
1761,159,100,2026-03-11,payment
1762,160,200,2025-07-13,payment
1763,160,200,2025-08-12,payment
1764,160,200,2025-09-11,payment
1765,160,200,2025-10-11,payment
1766,160,200,2025-11-10,payment
1767,160,200,2025-12-10,payment
1768,160,200,2026-01-09,payment
1769,160,200,2026-03-10,payment
1770,161,100,2025-09-29,payment
1771,161,100,2025-10-29,payment
1772,161,100,2025-11-28,payment
1773,161,100,2025-12-28,payment
1774,161,100,2026-01-27,payment
1775,161,100,2026-02-26,payment
1776,162,200,2024-11-29,payment
1777,162,200,2024-12-29,payment
1778,162,200,2025-01-28,payment
1779,162,200,2025-02-27,payment
1780,162,200,2025-03-29,payment
1781,162,200,2025-04-28,payment
1782,162,200,2025-05-28,payment
1783,162,200,2025-06-27,payment
1784,162,200,2025-07-27,payment
1785,162,200,2025-08-26,payment
1786,162,200,2025-09-25,payment
1787,162,200,2025-10-25,payment
1788,162,200,2025-11-24,payment
1789,162,200,2025-12-24,payment
1790,162,200,2026-01-23,payment
1791,162,200,2026-02-22,payment
1792,163,100,2025-05-14,payment
1793,163,100,2025-06-13,payment
1794,163,100,2025-07-13,payment
1795,163,100,2025-08-12,payment
1796,163,100,2025-09-11,payment
1797,163,100,2025-10-11,payment
1798,163,100,2025-11-10,payment
1799,163,100,2025-12-10,payment
1800,163,100,2026-01-09,payment
1801,163,100,2026-02-08,payment
1802,163,100,2026-03-10,payment
1803,164,100,2025-06-07,payment
1804,164,100,2025-07-07,payment
1805,164,100,2025-08-06,payment
1806,164,100,2025-09-05,payment
1807,164,100,2025-10-05,payment
1808,164,100,2025-11-04,payment
1809,164,100,2025-12-04,payment
1810,164,100,2026-01-03,payment
1811,164,100,2026-02-02,payment
1812,164,100,2026-03-04,payment
1813,165,200,2024-10-22,payment
1814,165,200,2024-11-21,payment
1815,165,200,2025-01-20,payment
1816,165,200,2025-02-19,payment
1817,165,200,2025-03-21,payment
1818,165,200,2025-04-20,payment
1819,165,200,2025-05-20,payment
1820,165,200,2025-06-19,payment
1821,165,200,2025-07-19,payment
1822,165,200,2025-08-18,payment
1823,165,200,2025-09-17,payment
1824,166,50,2025-04-27,payment
1825,166,50,2025-05-27,payment
1826,166,50,2025-06-26,payment
1827,166,50,2025-07-26,payment
1828,166,50,2025-08-25,payment
1829,166,50,2025-09-24,payment
1830,166,50,2025-10-24,payment
1831,166,50,2025-11-23,payment
1832,166,50,2025-12-23,payment
1833,166,50,2026-01-22,payment
1834,166,50,2026-02-21,payment
1835,167,100,2025-03-27,payment
1836,167,100,2025-04-26,payment
1837,167,100,2025-05-26,payment
1838,167,100,2025-06-25,payment
1839,167,100,2025-07-25,payment
1840,167,100,2025-08-24,payment
1841,167,100,2025-09-23,payment
1842,167,100,2025-10-23,payment
1843,167,100,2025-11-22,payment
1844,167,100,2025-12-22,payment
1845,167,100,2026-01-21,payment
1846,167,100,2026-02-20,payment
1847,168,100,2025-08-11,payment
1848,168,100,2025-09-10,payment
1849,168,100,2025-10-10,payment
1850,168,100,2025-11-09,payment
1851,169,50,2024-10-30,payment
1852,169,50,2024-11-29,payment
1853,169,50,2024-12-29,payment
1854,169,50,2025-02-27,payment
1855,169,50,2025-03-29,payment
1856,169,50,2025-04-28,payment
1857,169,50,2025-05-28,payment
1858,169,50,2025-06-27,payment
1859,170,50,2025-03-13,payment
1860,170,50,2025-04-12,payment
1861,170,50,2025-05-12,payment
1862,170,50,2025-06-11,payment
1863,170,50,2025-07-11,payment
1864,170,50,2025-08-10,payment
1865,170,50,2025-09-09,payment
1866,170,50,2025-10-09,payment
1867,170,50,2025-11-08,payment
1868,170,50,2025-12-08,payment
1869,170,50,2026-01-07,payment
1870,171,50,2025-06-02,payment
1871,171,50,2025-07-02,payment
1872,171,50,2025-08-01,payment
1873,171,50,2025-08-31,payment
1874,171,50,2025-09-30,payment
1875,171,50,2025-10-30,payment
1876,171,50,2025-11-29,payment
1877,171,50,2025-12-29,payment
1878,171,50,2026-01-28,payment
1879,171,50,2026-02-27,payment
1880,172,50,2024-10-22,payment
1881,172,50,2024-12-21,payment
1882,172,50,2025-01-20,payment
1883,172,50,2025-02-19,payment
1884,172,50,2025-03-21,payment
1885,172,50,2025-04-20,payment
1886,172,50,2025-05-20,payment
1887,172,50,2025-06-19,payment
1888,172,50,2025-08-18,payment
1889,172,50,2025-09-17,payment
1890,172,50,2025-10-17,payment
1891,172,50,2025-11-16,payment
1892,172,50,2025-12-16,payment
1893,172,50,2026-01-15,payment
1894,172,50,2026-02-14,payment
1895,172,50,2026-03-16,payment
1896,173,100,2024-10-20,payment
1897,173,100,2024-11-19,payment
1898,173,100,2024-12-19,payment
1899,173,100,2025-01-18,payment
1900,173,100,2025-02-17,payment
1901,173,100,2025-03-19,payment
1902,173,100,2025-04-18,payment
1903,173,100,2025-05-18,payment
1904,173,100,2025-06-17,payment
1905,173,100,2025-07-17,payment
1906,173,100,2025-08-16,payment
1907,173,100,2025-09-15,payment
1908,173,100,2025-10-15,payment
1909,173,100,2025-11-14,payment
1910,173,100,2025-12-14,payment
1911,173,100,2026-01-13,payment
1912,173,100,2026-02-12,payment
1913,173,100,2026-03-14,payment
1914,174,200,2025-05-09,payment
1915,174,200,2025-06-08,payment
1916,174,200,2025-07-08,payment
1917,174,200,2025-08-07,payment
1918,174,200,2025-09-06,payment
1919,174,200,2025-10-06,payment
1920,174,200,2025-11-05,payment
1921,174,200,2025-12-05,payment
1922,174,200,2026-01-04,payment
1923,174,200,2026-02-03,payment
1924,174,200,2026-03-05,payment
1925,175,50,2024-10-04,payment
1926,175,50,2024-11-03,payment
1927,175,50,2024-12-03,payment
1928,175,50,2025-01-02,payment
1929,175,50,2025-02-01,payment
1930,175,50,2025-03-03,payment
1931,175,50,2025-04-02,payment
1932,175,50,2025-05-02,payment
1933,175,50,2025-06-01,payment
1934,175,50,2025-07-31,payment
1935,175,50,2025-08-30,payment
1936,175,50,2025-09-29,payment
1937,175,50,2025-10-29,payment
1938,175,50,2025-11-28,payment
1939,175,50,2025-12-28,payment
1940,175,50,2026-01-27,payment
1941,175,50,2026-02-26,payment
1942,176,200,2024-10-28,payment
1943,176,200,2024-11-27,payment
1944,176,200,2024-12-27,payment
1945,176,200,2025-01-26,payment
1946,176,200,2025-02-25,payment
1947,176,200,2025-03-27,payment
1948,177,100,2025-09-09,payment
1949,177,100,2025-10-09,payment
1950,177,100,2025-11-08,payment
1951,177,100,2025-12-08,payment
1952,177,100,2026-01-07,payment
1953,177,100,2026-02-06,payment
1954,177,100,2026-03-08,payment
1955,178,100,2025-04-08,payment
1956,178,100,2025-05-08,payment
1957,178,100,2025-06-07,payment
1958,178,100,2025-07-07,payment
1959,179,100,2025-06-05,payment
1960,179,100,2025-07-05,payment
1961,179,100,2025-08-04,payment
1962,179,100,2025-09-03,payment
1963,179,100,2025-10-03,payment
1964,179,100,2025-11-02,payment
1965,179,100,2025-12-02,payment
1966,179,100,2026-01-01,payment
1967,179,100,2026-01-31,payment
1968,179,100,2026-03-02,payment
1969,180,200,2024-10-21,payment
1970,180,200,2024-11-20,payment
1971,180,200,2024-12-20,payment
1972,180,200,2025-01-19,payment
1973,180,200,2025-02-18,payment
1974,180,200,2025-03-20,payment
1975,180,200,2025-05-19,payment
1976,180,200,2025-06-18,payment
1977,180,200,2025-07-18,payment
1978,180,200,2025-08-17,payment
1979,180,200,2025-09-16,payment
1980,180,200,2025-10-16,payment
1981,180,200,2025-11-15,payment
1982,180,200,2025-12-15,payment
1983,180,200,2026-02-13,payment
1984,180,200,2026-03-15,payment
1985,181,200,2025-09-13,payment
1986,181,200,2025-10-13,payment
1987,181,200,2025-11-12,payment
1988,181,200,2025-12-12,payment
1989,181,200,2026-01-11,payment
1990,181,200,2026-02-10,payment
1991,181,200,2026-03-12,payment
1992,182,50,2024-12-11,payment
1993,182,50,2025-01-10,payment
1994,182,50,2025-02-09,payment
1995,182,50,2025-03-11,payment
1996,183,200,2025-04-10,payment
1997,183,200,2025-05-10,payment
1998,183,200,2025-06-09,payment
1999,183,200,2025-08-08,payment
2000,183,200,2025-09-07,payment
2001,183,200,2025-10-07,payment
2002,183,200,2025-11-06,payment
2003,183,200,2025-12-06,payment
2004,183,200,2026-01-05,payment
2005,183,200,2026-02-04,payment
2006,183,200,2026-03-06,payment
2007,184,50,2024-12-31,payment
2008,184,50,2025-01-30,payment
2009,184,50,2025-03-01,payment
2010,184,50,2025-03-31,payment
2011,184,50,2025-04-30,payment
2012,184,50,2025-05-30,payment
2013,184,50,2025-06-29,payment
2014,184,50,2025-07-29,payment
2015,184,50,2025-08-28,payment
2016,184,50,2025-09-27,payment
2017,184,50,2025-10-27,payment
2018,184,50,2025-11-26,payment
2019,184,50,2025-12-26,payment
2020,184,50,2026-01-25,payment
2021,184,50,2026-02-24,payment
2022,185,100,2024-11-15,payment
2023,185,100,2024-12-15,payment
2024,185,100,2025-01-14,payment
2025,185,100,2025-02-13,payment
2026,185,100,2025-03-15,payment
2027,185,100,2025-04-14,payment
2028,185,100,2025-06-13,payment
2029,185,100,2025-07-13,payment
2030,185,100,2025-08-12,payment
2031,185,100,2025-09-11,payment
2032,185,100,2025-10-11,payment
2033,185,100,2025-11-10,payment
2034,185,100,2025-12-10,payment
2035,185,100,2026-01-09,payment
2036,185,100,2026-02-08,payment
2037,185,100,2026-03-10,payment
2038,186,50,2025-04-24,payment
2039,186,50,2025-05-24,payment
2040,186,50,2025-06-23,payment
2041,186,50,2025-07-23,payment
2042,186,50,2025-08-22,payment
2043,186,50,2025-09-21,payment
2044,186,50,2025-10-21,payment
2045,187,50,2025-02-26,payment
2046,187,50,2025-03-28,payment
2047,187,50,2025-04-27,payment
2048,187,50,2025-05-27,payment
2049,187,50,2025-06-26,payment
2050,187,50,2025-07-26,payment
2051,187,50,2025-08-25,payment
2052,187,50,2025-10-24,payment
2053,187,50,2025-11-23,payment
2054,187,50,2025-12-23,payment
2055,187,50,2026-01-22,payment
2056,188,50,2025-07-16,payment
2057,188,50,2025-08-15,payment
2058,188,50,2025-09-14,payment
2059,188,50,2025-10-14,payment
2060,188,50,2025-11-13,payment
2061,188,50,2025-12-13,payment
2062,188,50,2026-01-12,payment
2063,188,50,2026-02-11,payment
2064,188,50,2026-03-13,payment
2065,189,50,2025-02-20,payment
2066,189,50,2025-03-22,payment
2067,189,50,2025-04-21,payment
2068,189,50,2025-05-21,payment
2069,189,50,2025-06-20,payment
2070,189,50,2025-07-20,payment
2071,189,50,2025-08-19,payment
2072,189,50,2025-09-18,payment
2073,189,50,2025-10-18,payment
2074,189,50,2025-11-17,payment
2075,189,50,2025-12-17,payment
2076,189,50,2026-01-16,payment
2077,189,50,2026-02-15,payment
2078,189,50,2026-03-17,payment
2079,190,50,2025-03-28,payment
2080,190,50,2025-04-27,payment
2081,190,50,2025-05-27,payment
2082,190,50,2025-06-26,payment
2083,190,50,2025-07-26,payment
2084,190,50,2025-08-25,payment
2085,190,50,2025-09-24,payment
2086,190,50,2025-10-24,payment
2087,190,50,2025-11-23,payment
2088,190,50,2025-12-23,payment
2089,191,50,2025-07-27,payment
2090,191,50,2025-08-26,payment
2091,191,50,2025-10-25,payment
2092,191,50,2025-11-24,payment
2093,191,50,2025-12-24,payment
2094,191,50,2026-01-23,payment
2095,191,50,2026-02-22,payment
2096,192,50,2025-02-23,payment
2097,192,50,2025-03-25,payment
2098,192,50,2025-04-24,payment
2099,192,50,2025-05-24,payment
2100,192,50,2025-06-23,payment
2101,192,50,2025-07-23,payment
2102,192,50,2025-08-22,payment
2103,192,50,2025-09-21,payment
2104,192,50,2025-10-21,payment
2105,192,50,2025-11-20,payment
2106,192,50,2025-12-20,payment
2107,192,50,2026-01-19,payment
2108,193,100,2025-05-31,payment
2109,193,100,2025-06-30,payment
2110,193,100,2025-07-30,payment
2111,193,100,2025-08-29,payment
2112,193,100,2025-09-28,payment
2113,193,100,2025-10-28,payment
2114,193,100,2025-11-27,payment
2115,193,100,2025-12-27,payment
2116,193,100,2026-01-26,payment
2117,193,100,2026-02-25,payment
2118,194,50,2024-12-26,payment
2119,194,50,2025-01-25,payment
2120,194,50,2025-02-24,payment
2121,194,50,2025-03-26,payment
2122,194,50,2025-04-25,payment
2123,194,50,2025-05-25,payment
2124,194,50,2025-06-24,payment
2125,194,50,2025-07-24,payment
2126,194,50,2025-08-23,payment
2127,194,50,2025-09-22,payment
2128,194,50,2025-10-22,payment
2129,194,50,2025-11-21,payment
2130,194,50,2025-12-21,payment
2131,194,50,2026-01-20,payment
2132,194,50,2026-02-19,payment
2133,195,200,2025-08-10,payment
2134,195,200,2025-10-09,payment
2135,195,200,2025-11-08,payment
2136,195,200,2025-12-08,payment
2137,195,200,2026-01-07,payment
2138,195,200,2026-02-06,payment
2139,195,200,2026-03-08,payment
2140,196,100,2025-03-24,payment
2141,196,100,2025-04-23,payment
2142,196,100,2025-05-23,payment
2143,196,100,2025-06-22,payment
2144,196,100,2025-07-22,payment
2145,196,100,2025-08-21,payment
2146,196,100,2025-09-20,payment
2147,196,100,2025-10-20,payment
2148,196,100,2025-11-19,payment
2149,196,100,2025-12-19,payment
2150,196,100,2026-01-18,payment
2151,196,100,2026-02-17,payment
2152,197,200,2024-12-28,payment
2153,197,200,2025-01-27,payment
2154,198,50,2025-08-16,payment
2155,198,50,2025-09-15,payment
2156,198,50,2025-10-15,payment
2157,198,50,2025-11-14,payment
2158,198,50,2026-01-13,payment
2159,198,50,2026-02-12,payment
2160,198,50,2026-03-14,payment
2161,199,200,2025-02-08,payment
2162,199,200,2025-04-09,payment
2163,199,200,2025-05-09,payment
2164,199,200,2025-06-08,payment
2165,199,200,2025-07-08,payment
2166,199,200,2025-08-07,payment
2167,199,200,2025-09-06,payment
2168,199,200,2025-10-06,payment
2169,199,200,2025-11-05,payment
2170,199,200,2025-12-05,payment
2171,199,200,2026-01-04,payment
2172,199,200,2026-02-03,payment
2173,199,200,2026-03-05,payment
2174,200,200,2025-04-27,payment
2175,200,200,2025-05-27,payment
2176,200,200,2025-06-26,payment
2177,200,200,2025-07-26,payment
2178,200,200,2025-08-25,payment
2179,200,200,2025-09-24,payment
2180,200,200,2025-10-24,payment
2181,200,200,2025-12-23,payment
2182,200,200,2026-01-22,payment
2183,200,200,2026-02-21,payment
2184,201,100,2025-01-12,payment
2185,201,100,2025-02-11,payment
2186,201,100,2025-03-13,payment
2187,201,100,2025-05-12,payment
2188,201,100,2025-06-11,payment
2189,201,100,2025-07-11,payment
2190,201,100,2025-08-10,payment
2191,201,100,2025-09-09,payment
2192,201,100,2025-10-09,payment
2193,201,100,2025-11-08,payment
2194,201,100,2025-12-08,payment
2195,201,100,2026-01-07,payment
2196,201,100,2026-02-06,payment
2197,201,100,2026-03-08,payment
2198,202,200,2025-06-06,payment
2199,202,200,2025-07-06,payment
2200,202,200,2025-08-05,payment
2201,202,200,2025-09-04,payment
2202,202,200,2025-10-04,payment
2203,202,200,2025-11-03,payment
2204,202,200,2025-12-03,payment
2205,202,200,2026-01-02,payment
2206,202,200,2026-02-01,payment
2207,202,200,2026-03-03,payment
2208,203,200,2025-05-08,payment
2209,203,200,2025-06-07,payment
2210,203,200,2025-07-07,payment
2211,203,200,2025-08-06,payment
2212,203,200,2025-09-05,payment
2213,203,200,2025-11-04,payment
2214,203,200,2025-12-04,payment
2215,203,200,2026-01-03,payment
2216,203,200,2026-02-02,payment
2217,203,200,2026-03-04,payment
2218,204,50,2025-03-04,payment
2219,204,50,2025-04-03,payment
2220,204,50,2025-05-03,payment
2221,204,50,2025-06-02,payment
2222,204,50,2025-07-02,payment
2223,204,50,2025-08-01,payment
2224,204,50,2025-08-31,payment
2225,204,50,2025-09-30,payment
2226,204,50,2025-10-30,payment
2227,204,50,2025-11-29,payment
2228,204,50,2025-12-29,payment
2229,204,50,2026-01-28,payment
2230,204,50,2026-02-27,payment
2231,205,200,2025-02-10,payment
2232,205,200,2025-03-12,payment
2233,205,200,2025-04-11,payment
2234,205,200,2025-05-11,payment
2235,205,200,2025-06-10,payment
2236,205,200,2025-07-10,payment
2237,205,200,2025-08-09,payment
2238,205,200,2025-09-08,payment
2239,205,200,2025-10-08,payment
2240,206,50,2024-10-30,payment
2241,206,50,2024-11-29,payment
2242,206,50,2024-12-29,payment
2243,206,50,2025-01-28,payment
2244,206,50,2025-03-29,payment
2245,206,50,2025-04-28,payment
2246,206,50,2025-05-28,payment
2247,206,50,2025-06-27,payment
2248,206,50,2025-07-27,payment
2249,206,50,2025-08-26,payment
2250,206,50,2025-09-25,payment
2251,206,50,2025-10-25,payment
2252,206,50,2025-11-24,payment
2253,206,50,2025-12-24,payment
2254,206,50,2026-01-23,payment
2255,206,50,2026-02-22,payment
2256,207,50,2025-03-06,payment
2257,207,50,2025-04-05,payment
2258,207,50,2025-05-05,payment
2259,207,50,2025-07-04,payment
2260,207,50,2025-08-03,payment
2261,207,50,2025-09-02,payment
2262,207,50,2025-10-02,payment
2263,208,200,2025-07-10,payment
2264,208,200,2025-08-09,payment
2265,208,200,2025-10-08,payment
2266,208,200,2025-11-07,payment
2267,208,200,2025-12-07,payment
2268,208,200,2026-01-06,payment
2269,208,200,2026-02-05,payment
2270,209,50,2024-11-07,payment
2271,209,50,2024-12-07,payment
2272,209,50,2025-01-06,payment
2273,209,50,2025-02-05,payment
2274,209,50,2025-03-07,payment
2275,209,50,2025-04-06,payment
2276,209,50,2025-05-06,payment
2277,209,50,2025-06-05,payment
2278,209,50,2025-07-05,payment
2279,209,50,2025-08-04,payment
2280,209,50,2025-09-03,payment
2281,209,50,2025-11-02,payment
2282,209,50,2025-12-02,payment
2283,209,50,2026-01-01,payment
2284,209,50,2026-01-31,payment
2285,209,50,2026-03-02,payment
2286,210,50,2025-09-05,payment
2287,210,50,2025-10-05,payment
2288,210,50,2025-11-04,payment
2289,210,50,2025-12-04,payment
2290,210,50,2026-01-03,payment
2291,210,50,2026-02-02,payment
2292,210,50,2026-03-04,payment
2293,210,50,2026-04-03,payment
2294,211,50,2025-03-21,payment
2295,211,50,2025-04-20,payment
2296,211,50,2025-05-20,payment
2297,211,50,2025-06-19,payment
2298,211,50,2025-07-19,payment
2299,211,50,2025-08-18,payment
2300,211,50,2025-09-17,payment
2301,211,50,2025-10-17,payment
2302,211,50,2025-11-16,payment
2303,211,50,2025-12-16,payment
2304,211,50,2026-01-15,payment
2305,211,50,2026-02-14,payment
2306,211,50,2026-03-16,payment
2307,212,50,2024-10-18,payment
2308,212,50,2024-11-17,payment
2309,212,50,2024-12-17,payment
2310,212,50,2025-01-16,payment
2311,212,50,2025-03-17,payment
2312,212,50,2025-04-16,payment
2313,212,50,2025-06-15,payment
2314,212,50,2025-07-15,payment
2315,212,50,2025-08-14,payment
